Voltage (V),Amperage (mA),Current (A)
0.949,0.13,0.00013
0.948,0.49,0.00049
0.947,1.21,0.00121
0.945,2.74,0.00274
0.939,6.39,0.00639
0.918,19.11,0.01911